solver,solved,time,node_expanded,memory
SAT Solver,False,0.12335450000318815,0,1.523101806640625
SAT Solver,True,0.05782499999986612,0,1.5033798217773438
SAT Solver,False,0.17522829999870737,0,1.52374267578125
SAT Solver,False,0.14701699999932316,0,1.5227508544921875
SAT Solver,False,0.1860569000018586,0,1.5231781005859375
SAT Solver,True,0.1580510999992839,0,1.560333251953125
SAT Solver,True,0.1422597000018868,0,1.559722900390625
